product_id,product_name,category,discounted_price,actual_price,discount_percentage,rating,rating_count,about_product
B000000000,Amazon Product 1,Sports|Fitness,"₹1,199","₹1,499",20%,4.4,"49,567",Sample product description.
B000000001,Amazon Product 2,Computers&Accessories|Mouse,"₹25,499","₹29,999",15%,3.3,"48,405",Sample product description.
B000000002,Amazon Product 3,Sports|Outdoor,"₹10,499","₹29,999",65%,4.0,"9,916",Sample product description.
B000000003,Amazon Product 4,HomeKitchen|Cookware,"₹17,999","₹19,999",10%,4.0,"4,581",Sample product description.
B000000004,Amazon Product 5,Sports|Fitness,"₹2,999","₹4,999",40%,4.4,"45,504",Sample product description.
B000000005,Amazon Product 6,Books|Academic,"₹17,999","₹29,999",40%,3.3,"38,148",Sample product description.
B000000006,Amazon Product 7,Computers&Accessories|Keyboards,₹174,₹499,65%,4.7,"38,328",Sample product description.
B000000007,Amazon Product 8,Sports|Fitness,"₹2,549","₹2,999",15%,4.1,"28,188",Sample product description.
B000000008,Amazon Product 9,Sports|Outdoor,₹899,"₹1,499",40%,4.1,"27,115",Sample product description.
B000000009,Amazon Product 10,HomeKitchen|Cookware,₹899,"₹2,999",70%,3.8,"30,006",Sample product description.
B000000010,Amazon Product 11,Computers&Accessories|Mouse,₹824,"₹1,499",45%,4.3,"41,782",Sample product description.
B000000011,Amazon Product 12,Sports|Outdoor,₹899,₹999,10%,4.0,"39,311",Sample product description.
B000000012,Amazon Product 13,Sports|Outdoor,"₹4,999","₹9,999",50%,4.6,"10,809",Sample product description.
B000000013,Amazon Product 14,Computers&Accessories|Keyboards,"₹8,999","₹14,999",40%,3.3,"5,489",Sample product description.
B000000014,Amazon Product 15,HomeKitchen|Storage,"₹15,999","₹19,999",20%,4.1,"47,291",Sample product description.
B000000015,Amazon Product 16,HomeKitchen|Cookware,₹329,₹599,45%,4.2,"42,583",Sample product description.
B000000016,Amazon Product 17,Electronics|Laptops,₹239,₹399,40%,3.9,"28,320",Sample product description.
B000000017,Amazon Product 18,Sports|Outdoor,"₹1,199","₹2,999",60%,3.8,"13,329",Sample product description.
B000000018,Amazon Product 19,HomeKitchen|Storage,₹149,₹499,70%,3.8,"39,329",Sample product description.
B000000019,Amazon Product 20,Electronics|Laptops,"₹10,999","₹19,999",45%,4.1,"44,301",Sample product description.
B000000020,Amazon Product 21,HomeKitchen|Cookware,₹649,₹999,35%,3.1,"23,938",Sample product description.
B000000021,Amazon Product 22,Electronics|Mobiles,"₹2,499","₹4,999",50%,4.5,"17,680",Sample product description.
B000000022,Amazon Product 23,Books|Academic,"₹1,399","₹1,999",30%,3.8,"35,194",Sample product description.
B000000023,Amazon Product 24,HomeKitchen|Storage,₹799,₹999,20%,4.1,"31,232",Sample product description.
B000000024,Amazon Product 25,Books|Fiction,"₹7,999","₹9,999",20%,4.2,"25,588",Sample product description.
B000000025,Amazon Product 26,Electronics|Mobiles,₹539,₹599,10%,3.7,"11,874",Sample product description.
B000000026,Amazon Product 27,Books|Academic,₹139,₹399,65%,3.9,"32,175",Sample product description.
B000000027,Amazon Product 28,Computers&Accessories|Keyboards,"₹1,374","₹2,499",45%,3.0,"7,029",Sample product description.
B000000028,Amazon Product 29,Sports|Fitness,"₹2,124","₹2,499",15%,4.4,"26,239",Sample product description.
B000000029,Amazon Product 30,Computers&Accessories|Mouse,"₹11,999","₹14,999",20%,4.5,"42,650",Sample product description.
B000000030,Amazon Product 31,Books|Fiction,"₹1,649","₹2,999",45%,3.1,"12,554",Sample product description.
B000000031,Amazon Product 32,Computers&Accessories|Keyboards,₹824,"₹1,499",45%,3.8,"20,719",Sample product description.
B000000032,Amazon Product 33,HomeKitchen|Cookware,₹799,"₹1,999",60%,3.4,"6,960",Sample product description.
B000000033,Amazon Product 34,Computers&Accessories|Keyboards,"₹2,249","₹2,999",25%,3.9,"46,907",Sample product description.
B000000034,Amazon Product 35,Sports|Fitness,"₹22,499","₹29,999",25%,4.3,"35,014",Sample product description.
B000000035,Amazon Product 36,HomeKitchen|Cookware,₹559,₹799,30%,4.5,"20,181",Sample product description.
B000000036,Amazon Product 37,Books|Fiction,₹649,₹999,35%,4.6,"25,277",Sample product description.
B000000037,Amazon Product 38,Sports|Fitness,"₹6,999","₹9,999",30%,4.7,"6,028",Sample product description.
B000000038,Amazon Product 39,Electronics|Laptops,"₹2,999","₹4,999",40%,3.9,"22,041",Sample product description.
B000000039,Amazon Product 40,Computers&Accessories|Mouse,"₹1,104","₹1,299",15%,3.4,"17,203",Sample product description.
B000000040,Amazon Product 41,Books|Fiction,"₹1,199","₹1,999",40%,3.9,"33,598",Sample product description.
B000000041,Amazon Product 42,Electronics|Laptops,₹674,"₹1,499",55%,4.3,"42,726",Sample product description.
B000000042,Amazon Product 43,Books|Academic,₹179,₹299,40%,3.4,"39,121",Sample product description.
B000000043,Amazon Product 44,Books|Fiction,₹539,₹599,10%,4.8,"47,504",Sample product description.
B000000044,Amazon Product 45,Books|Academic,₹359,₹599,40%,4.4,"4,033",Sample product description.
B000000045,Amazon Product 46,HomeKitchen|Cookware,₹559,₹799,30%,3.9,"9,553",Sample product description.
B000000046,Amazon Product 47,Electronics|Laptops,"₹1,039","₹1,299",20%,3.6,"29,971",Sample product description.
B000000047,Amazon Product 48,Computers&Accessories|Mouse,"₹5,999","₹19,999",70%,3.7,"16,955",Sample product description.
B000000048,Amazon Product 49,Sports|Fitness,"₹3,999","₹4,999",20%,4.0,"45,888",Sample product description.
B000000049,Amazon Product 50,Sports|Outdoor,₹149,₹199,25%,3.9,"24,003",Sample product description.
B000000050,Amazon Product 51,Computers&Accessories|Keyboards,"₹8,999","₹29,999",70%,4.5,"26,856",Sample product description.
B000000051,Amazon Product 52,Electronics|Mobiles,₹349,₹999,65%,3.8,"45,050",Sample product description.
B000000052,Amazon Product 53,Computers&Accessories|Mouse,"₹4,249","₹4,999",15%,4.3,"22,218",Sample product description.
B000000053,Amazon Product 54,Electronics|Laptops,₹424,₹499,15%,4.0,"4,633",Sample product description.
B000000054,Amazon Product 55,Sports|Outdoor,₹449,₹499,10%,4.1,"38,764",Sample product description.
B000000055,Amazon Product 56,Computers&Accessories|Mouse,₹559,₹799,30%,3.9,"49,195",Sample product description.
B000000056,Amazon Product 57,Electronics|Laptops,"₹2,249","₹2,999",25%,4.4,"39,946",Sample product description.
B000000057,Amazon Product 58,HomeKitchen|Storage,₹399,₹999,60%,4.4,"11,939",Sample product description.
B000000058,Amazon Product 59,HomeKitchen|Storage,₹899,"₹1,999",55%,4.2,"27,463",Sample product description.
B000000059,Amazon Product 60,Books|Academic,₹849,₹999,15%,4.3,"12,325",Sample product description.
B000000060,Amazon Product 61,Computers&Accessories|Mouse,₹319,₹399,20%,3.5,"2,511",Sample product description.
B000000061,Amazon Product 62,HomeKitchen|Storage,"₹2,999","₹4,999",40%,4.2,"14,341",Sample product description.
B000000062,Amazon Product 63,Electronics|Laptops,"₹2,999","₹4,999",40%,4.6,"46,854",Sample product description.
B000000063,Amazon Product 64,Books|Academic,₹454,"₹1,299",65%,4.2,"11,485",Sample product description.
B000000064,Amazon Product 65,Electronics|Laptops,"₹1,124","₹1,499",25%,3.5,"27,985",Sample product description.
B000000065,Amazon Product 66,Books|Academic,₹699,₹999,30%,4.0,"33,503",Sample product description.
B000000066,Amazon Product 67,Computers&Accessories|Mouse,₹139,₹199,30%,4.2,"18,594",Sample product description.
B000000067,Amazon Product 68,Sports|Outdoor,₹259,₹399,35%,3.6,"12,308",Sample product description.
B000000068,Amazon Product 69,Sports|Fitness,"₹2,499","₹4,999",50%,3.3,"30,891",Sample product description.
B000000069,Amazon Product 70,Books|Fiction,"₹25,499","₹29,999",15%,3.8,"48,808",Sample product description.
B000000070,Amazon Product 71,Sports|Outdoor,₹139,₹199,30%,3.6,"49,240",Sample product description.
B000000071,Amazon Product 72,HomeKitchen|Cookware,₹279,₹799,65%,4.0,"10,786",Sample product description.
B000000072,Amazon Product 73,Electronics|Laptops,₹639,₹799,20%,3.2,"37,693",Sample product description.
B000000073,Amazon Product 74,HomeKitchen|Cookware,"₹2,249","₹2,999",25%,4.3,"44,000",Sample product description.
B000000074,Amazon Product 75,Sports|Outdoor,"₹2,249","₹4,999",55%,3.7,"35,014",Sample product description.
B000000075,Amazon Product 76,Books|Academic,"₹3,249","₹4,999",35%,4.5,"28,094",Sample product description.
B000000076,Amazon Product 77,Books|Fiction,"₹5,249","₹14,999",65%,3.9,"39,983",Sample product description.
B000000077,Amazon Product 78,Books|Fiction,"₹10,999","₹19,999",45%,4.0,"16,047",Sample product description.
B000000078,Amazon Product 79,Electronics|Mobiles,"₹2,249","₹2,499",10%,3.9,"14,265",Sample product description.
B000000079,Amazon Product 80,Books|Fiction,₹269,₹599,55%,3.7,"33,119",Sample product description.
B000000080,Amazon Product 81,Sports|Fitness,₹274,₹499,45%,5.0,"23,961",Sample product description.
B000000081,Amazon Product 82,Books|Fiction,₹159,₹399,60%,3.8,"17,080",Sample product description.
B000000082,Amazon Product 83,Sports|Outdoor,"₹8,999","₹14,999",40%,4.5,"29,384",Sample product description.
B000000083,Amazon Product 84,Electronics|Mobiles,"₹1,349","₹1,499",10%,3.5,"14,621",Sample product description.
B000000084,Amazon Product 85,Sports|Outdoor,"₹25,499","₹29,999",15%,4.2,"42,769",Sample product description.
B000000085,Amazon Product 86,Sports|Outdoor,"₹7,999","₹9,999",20%,4.2,"28,977",Sample product description.
B000000086,Amazon Product 87,Computers&Accessories|Keyboards,"₹13,499","₹14,999",10%,4.0,"20,764",Sample product description.
B000000087,Amazon Product 88,Electronics|Mobiles,₹99,₹199,50%,3.7,"43,591",Sample product description.
B000000088,Amazon Product 89,Sports|Outdoor,₹219,₹399,45%,3.9,"23,437",Sample product description.
B000000089,Amazon Product 90,Computers&Accessories|Keyboards,"₹16,999","₹19,999",15%,3.8,"28,494",Sample product description.
B000000090,Amazon Product 91,Computers&Accessories|Keyboards,₹749,"₹2,499",70%,5.0,"48,958",Sample product description.
B000000091,Amazon Product 92,Electronics|Mobiles,"₹1,499","₹2,999",50%,4.0,"19,971",Sample product description.
B000000092,Amazon Product 93,HomeKitchen|Cookware,"₹1,199","₹1,999",40%,4.3,"13,107",Sample product description.
B000000093,Amazon Product 94,Books|Academic,"₹9,999","₹19,999",50%,4.9,"45,318",Sample product description.
B000000094,Amazon Product 95,Sports|Fitness,₹844,"₹1,299",35%,3.6,"24,908",Sample product description.
B000000095,Amazon Product 96,Books|Academic,₹519,₹799,35%,4.0,"48,739",Sample product description.
B000000096,Amazon Product 97,Books|Fiction,"₹1,199","₹2,999",60%,3.9,"44,688",Sample product description.
B000000097,Amazon Product 98,Sports|Fitness,₹974,"₹1,299",25%,4.0,"26,112",Sample product description.
B000000098,Amazon Product 99,Books|Fiction,₹224,₹499,55%,3.9,"36,900",Sample product description.
B000000099,Amazon Product 100,Sports|Outdoor,₹584,"₹1,299",55%,3.6,"46,536",Sample product description.
B000000100,Amazon Product 101,Electronics|Laptops,₹179,₹599,70%,4.1,"20,617",Sample product description.
B000000101,Amazon Product 102,Electronics|Mobiles,₹449,"₹1,499",70%,3.5,"29,789",Sample product description.
B000000102,Amazon Product 103,Sports|Fitness,₹424,₹499,15%,4.5,"43,335",Sample product description.
B000000103,Amazon Product 104,Sports|Fitness,"₹17,999","₹29,999",40%,4.3,"3,804",Sample product description.
B000000104,Amazon Product 105,Sports|Outdoor,"₹1,049","₹1,499",30%,3.8,"27,094",Sample product description.
B000000105,Amazon Product 106,HomeKitchen|Cookware,₹79,₹199,60%,3.8,"1,774",Sample product description.
B000000106,Amazon Product 107,Computers&Accessories|Keyboards,"₹3,249","₹4,999",35%,4.1,"1,426",Sample product description.
B000000107,Amazon Product 108,Sports|Outdoor,"₹16,999","₹19,999",15%,3.6,"8,756",Sample product description.
B000000108,Amazon Product 109,HomeKitchen|Storage,"₹3,499","₹4,999",30%,4.9,"8,944",Sample product description.
B000000109,Amazon Product 110,Computers&Accessories|Keyboards,"₹4,499","₹9,999",55%,4.2,"18,087",Sample product description.
B000000110,Amazon Product 111,Electronics|Mobiles,₹299,₹399,25%,4.2,"18,500",Sample product description.
B000000111,Amazon Product 112,Computers&Accessories|Keyboards,₹399,₹799,50%,4.3,"16,456",Sample product description.
B000000112,Amazon Product 113,HomeKitchen|Cookware,₹389,₹599,35%,3.7,"29,775",Sample product description.
B000000113,Amazon Product 114,Computers&Accessories|Keyboards,"₹12,749","₹14,999",15%,4.5,"5,976",Sample product description.
B000000114,Amazon Product 115,Electronics|Mobiles,₹269,₹299,10%,4.1,"39,069",Sample product description.
B000000115,Amazon Product 116,HomeKitchen|Cookware,"₹1,399","₹1,999",30%,4.5,"9,546",Sample product description.
B000000116,Amazon Product 117,Books|Academic,"₹2,499","₹4,999",50%,3.9,"36,118",Sample product description.
B000000117,Amazon Product 118,Sports|Fitness,₹389,₹599,35%,4.7,"29,856",Sample product description.
B000000118,Amazon Product 119,Sports|Fitness,₹89,₹199,55%,4.2,"22,713",Sample product description.
B000000119,Amazon Product 120,Books|Fiction,₹69,₹199,65%,5.0,"41,371",Sample product description.
B000000120,Amazon Product 121,Books|Academic,"₹8,999","₹14,999",40%,3.8,"36,545",Sample product description.
B000000121,Amazon Product 122,Books|Academic,"₹20,999","₹29,999",30%,4.1,"22,706",Sample product description.
B000000122,Amazon Product 123,Computers&Accessories|Keyboards,"₹1,124","₹2,499",55%,3.5,"25,910",Sample product description.
B000000123,Amazon Product 124,Sports|Fitness,"₹19,499","₹29,999",35%,3.7,"49,716",Sample product description.
B000000124,Amazon Product 125,Electronics|Mobiles,"₹3,499","₹4,999",30%,4.3,"16,882",Sample product description.
B000000125,Amazon Product 126,Computers&Accessories|Mouse,₹79,₹199,60%,4.6,"38,837",Sample product description.
B000000126,Amazon Product 127,Computers&Accessories|Mouse,₹149,₹299,50%,5.0,"48,281",Sample product description.
B000000127,Amazon Product 128,HomeKitchen|Cookware,₹974,"₹1,499",35%,4.0,"21,777",Sample product description.
B000000128,Amazon Product 129,Sports|Fitness,₹159,₹399,60%,3.5,"42,865",Sample product description.
B000000129,Amazon Product 130,Sports|Fitness,₹109,₹199,45%,4.4,"29,595",Sample product description.
B000000130,Amazon Product 131,Computers&Accessories|Mouse,"₹16,999","₹19,999",15%,3.4,"44,572",Sample product description.
B000000131,Amazon Product 132,Sports|Fitness,₹279,₹799,65%,4.3,"2,570",Sample product description.
B000000132,Amazon Product 133,Computers&Accessories|Keyboards,"₹8,999","₹29,999",70%,3.7,"3,131",Sample product description.
B000000133,Amazon Product 134,HomeKitchen|Storage,₹299,₹599,50%,4.1,"34,246",Sample product description.
B000000134,Amazon Product 135,Electronics|Laptops,₹419,₹599,30%,4.5,"36,785",Sample product description.
B000000135,Amazon Product 136,Books|Academic,₹479,₹799,40%,3.9,"39,263",Sample product description.
B000000136,Amazon Product 137,Books|Fiction,₹179,₹399,55%,4.5,"14,616",Sample product description.
B000000137,Amazon Product 138,HomeKitchen|Cookware,₹179,₹599,70%,4.4,"14,092",Sample product description.
B000000138,Amazon Product 139,HomeKitchen|Storage,₹539,₹599,10%,3.1,"25,548",Sample product description.
B000000139,Amazon Product 140,Computers&Accessories|Mouse,₹899,"₹1,999",55%,3.5,"11,379",Sample product description.
B000000140,Amazon Product 141,Books|Academic,"₹1,399","₹1,999",30%,3.2,"31,706",Sample product description.
B000000141,Amazon Product 142,Sports|Fitness,"₹10,499","₹29,999",65%,5.0,"2,209",Sample product description.
B000000142,Amazon Product 143,Books|Fiction,"₹4,499","₹9,999",55%,3.9,"37,950",Sample product description.
B000000143,Amazon Product 144,Sports|Fitness,"₹1,274","₹1,499",15%,4.9,"19,413",Sample product description.
B000000144,Amazon Product 145,Electronics|Mobiles,"₹3,499","₹9,999",65%,3.2,"47,751",Sample product description.
B000000145,Amazon Product 146,Electronics|Mobiles,₹129,₹199,35%,3.7,"43,291",Sample product description.
B000000146,Amazon Product 147,Books|Fiction,"₹1,999","₹4,999",60%,4.4,"19,083",Sample product description.
B000000147,Amazon Product 148,Books|Fiction,"₹4,499","₹4,999",10%,4.1,"10,855",Sample product description.
B000000148,Amazon Product 149,Computers&Accessories|Mouse,₹399,₹499,20%,4.3,"35,901",Sample product description.
B000000149,Amazon Product 150,Books|Fiction,₹139,₹199,30%,3.4,"26,882",Sample product description.
B000000150,Amazon Product 151,Computers&Accessories|Keyboards,"₹22,499","₹29,999",25%,4.7,"13,994",Sample product description.
B000000151,Amazon Product 152,Sports|Fitness,"₹1,039","₹1,299",20%,4.4,"19,923",Sample product description.
B000000152,Amazon Product 153,HomeKitchen|Storage,₹134,₹299,55%,4.2,"40,422",Sample product description.
B000000153,Amazon Product 154,Sports|Outdoor,₹389,"₹1,299",70%,3.7,"23,978",Sample product description.
B000000154,Amazon Product 155,Books|Fiction,₹699,₹999,30%,4.2,"15,429",Sample product description.
B000000155,Amazon Product 156,HomeKitchen|Cookware,₹119,₹299,60%,3.9,"36,801",Sample product description.
B000000156,Amazon Product 157,Electronics|Mobiles,₹219,₹399,45%,3.2,"34,596",Sample product description.
B000000157,Amazon Product 158,Computers&Accessories|Keyboards,"₹1,199","₹2,999",60%,4.0,"24,336",Sample product description.
B000000158,Amazon Product 159,Books|Academic,₹149,₹199,25%,3.9,"5,160",Sample product description.
B000000159,Amazon Product 160,Sports|Outdoor,"₹2,699","₹2,999",10%,4.5,"12,137",Sample product description.
B000000160,Amazon Product 161,HomeKitchen|Storage,₹239,₹599,60%,2.9,"23,812",Sample product description.
B000000161,Amazon Product 162,Sports|Outdoor,"₹17,999","₹29,999",40%,4.1,"17,131",Sample product description.
B000000162,Amazon Product 163,Books|Fiction,"₹10,999","₹19,999",45%,3.4,"34,997",Sample product description.
B000000163,Amazon Product 164,Computers&Accessories|Mouse,"₹11,999","₹14,999",20%,4.2,"9,646",Sample product description.
B000000164,Amazon Product 165,Electronics|Mobiles,"₹9,749","₹14,999",35%,4.2,"38,069",Sample product description.
B000000165,Amazon Product 166,Electronics|Mobiles,₹509,₹599,15%,4.0,"42,053",Sample product description.
B000000166,Amazon Product 167,Books|Academic,"₹5,999","₹9,999",40%,4.4,"18,363",Sample product description.
B000000167,Amazon Product 168,Computers&Accessories|Mouse,₹164,₹299,45%,3.4,"47,689",Sample product description.
B000000168,Amazon Product 169,Sports|Fitness,"₹1,624","₹2,499",35%,4.6,"1,063",Sample product description.
B000000169,Amazon Product 170,Electronics|Laptops,₹649,₹999,35%,3.6,"49,428",Sample product description.
B000000170,Amazon Product 171,Computers&Accessories|Keyboards,₹559,₹799,30%,3.2,"23,755",Sample product description.
B000000171,Amazon Product 172,Electronics|Mobiles,₹164,₹299,45%,3.9,"1,878",Sample product description.
B000000172,Amazon Product 173,HomeKitchen|Cookware,₹719,₹799,10%,3.0,"7,959",Sample product description.
B000000173,Amazon Product 174,Electronics|Mobiles,₹134,₹299,55%,4.1,"38,406",Sample product description.
B000000174,Amazon Product 175,Sports|Outdoor,"₹11,249","₹14,999",25%,3.9,"13,159",Sample product description.
B000000175,Amazon Product 176,Electronics|Mobiles,₹224,₹299,25%,4.6,"2,073",Sample product description.
B000000176,Amazon Product 177,Electronics|Mobiles,₹639,₹799,20%,4.3,"14,587",Sample product description.
B000000177,Amazon Product 178,Electronics|Laptops,₹159,₹199,20%,3.3,"26,711",Sample product description.
B000000178,Amazon Product 179,Electronics|Laptops,"₹11,249","₹14,999",25%,3.6,"38,709",Sample product description.
B000000179,Amazon Product 180,HomeKitchen|Storage,₹799,"₹1,999",60%,4.3,"33,898",Sample product description.
B000000180,Amazon Product 181,Sports|Fitness,"₹26,999","₹29,999",10%,4.4,"37,854",Sample product description.
B000000181,Amazon Product 182,HomeKitchen|Cookware,₹239,₹599,60%,4.6,"15,429",Sample product description.
B000000182,Amazon Product 183,Electronics|Mobiles,₹149,₹499,70%,4.6,"27,816",Sample product description.
B000000183,Amazon Product 184,Electronics|Mobiles,₹799,"₹1,999",60%,4.0,"43,640",Sample product description.
B000000184,Amazon Product 185,Computers&Accessories|Keyboards,"₹25,499","₹29,999",15%,4.2,"2,613",Sample product description.
B000000185,Amazon Product 186,Electronics|Laptops,₹999,"₹1,999",50%,4.6,"36,110",Sample product description.
B000000186,Amazon Product 187,HomeKitchen|Cookware,"₹13,499","₹29,999",55%,3.8,"29,247",Sample product description.
B000000187,Amazon Product 188,Books|Academic,₹509,₹599,15%,4.2,"3,636",Sample product description.
B000000188,Amazon Product 189,HomeKitchen|Storage,₹209,₹299,30%,3.8,"16,137",Sample product description.
B000000189,Amazon Product 190,Sports|Fitness,₹399,₹799,50%,3.7,"48,918",Sample product description.
B000000190,Amazon Product 191,Computers&Accessories|Mouse,₹149,₹299,50%,4.0,"23,275",Sample product description.
B000000191,Amazon Product 192,Sports|Fitness,"₹2,749","₹4,999",45%,3.7,"29,800",Sample product description.
B000000192,Amazon Product 193,Sports|Outdoor,"₹2,249","₹2,499",10%,3.9,"6,693",Sample product description.
B000000193,Amazon Product 194,Electronics|Mobiles,"₹2,249","₹2,499",10%,3.5,"27,573",Sample product description.
B000000194,Amazon Product 195,HomeKitchen|Storage,"₹9,999","₹19,999",50%,3.9,"36,777",Sample product description.
B000000195,Amazon Product 196,Sports|Outdoor,₹749,"₹2,499",70%,4.2,"11,055",Sample product description.
B000000196,Amazon Product 197,HomeKitchen|Cookware,"₹5,999","₹14,999",60%,3.7,"43,593",Sample product description.
B000000197,Amazon Product 198,Computers&Accessories|Mouse,"₹10,999","₹19,999",45%,4.0,211,Sample product description.
B000000198,Amazon Product 199,Electronics|Laptops,"₹1,124","₹2,499",55%,4.1,"16,079",Sample product description.
B000000199,Amazon Product 200,HomeKitchen|Storage,"₹9,999","₹19,999",50%,4.2,"49,795",Sample product description.
B000000200,Amazon Product 201,HomeKitchen|Storage,₹779,"₹1,299",40%,3.9,"14,276",Sample product description.
B000000201,Amazon Product 202,Electronics|Mobiles,₹399,₹499,20%,4.5,"28,781",Sample product description.
B000000202,Amazon Product 203,Books|Fiction,"₹1,039","₹1,299",20%,2.9,"43,972",Sample product description.
B000000203,Amazon Product 204,HomeKitchen|Storage,₹424,₹499,15%,5.0,"44,898",Sample product description.
B000000204,Amazon Product 205,Computers&Accessories|Keyboards,₹279,₹399,30%,3.6,"3,440",Sample product description.
B000000205,Amazon Product 206,Computers&Accessories|Mouse,₹139,₹399,65%,4.2,"6,047",Sample product description.
B000000206,Amazon Product 207,Computers&Accessories|Mouse,₹209,₹599,65%,3.5,"12,743",Sample product description.
B000000207,Amazon Product 208,Computers&Accessories|Keyboards,"₹1,599","₹1,999",20%,4.3,"49,865",Sample product description.
B000000208,Amazon Product 209,Books|Academic,₹519,₹799,35%,4.1,"42,142",Sample product description.
B000000209,Amazon Product 210,Computers&Accessories|Keyboards,₹169,₹199,15%,3.7,591,Sample product description.
B000000210,Amazon Product 211,Computers&Accessories|Keyboards,₹209,₹599,65%,4.5,"21,867",Sample product description.
B000000211,Amazon Product 212,Computers&Accessories|Mouse,"₹1,199","₹1,499",20%,3.9,"37,911",Sample product description.
B000000212,Amazon Product 213,Sports|Fitness,"₹2,099","₹2,999",30%,4.3,"13,478",Sample product description.
B000000213,Amazon Product 214,Computers&Accessories|Mouse,"₹3,499","₹9,999",65%,3.5,"43,984",Sample product description.
B000000214,Amazon Product 215,Books|Fiction,₹119,₹299,60%,4.0,"48,881",Sample product description.
B000000215,Amazon Product 216,Electronics|Mobiles,"₹11,999","₹29,999",60%,5.0,"10,308",Sample product description.
B000000216,Amazon Product 217,Sports|Outdoor,"₹8,999","₹9,999",10%,4.5,"16,094",Sample product description.
B000000217,Amazon Product 218,Sports|Fitness,"₹1,499","₹4,999",70%,4.2,"29,461",Sample product description.
B000000218,Amazon Product 219,Electronics|Laptops,"₹1,349","₹1,499",10%,3.8,"5,519",Sample product description.
B000000219,Amazon Product 220,Sports|Outdoor,"₹6,749","₹14,999",55%,4.0,"28,904",Sample product description.
B000000220,Amazon Product 221,Electronics|Mobiles,"₹7,499","₹14,999",50%,4.1,"6,306",Sample product description.
B000000221,Amazon Product 222,Books|Fiction,"₹1,499","₹2,499",40%,4.2,"10,770",Sample product description.
B000000222,Amazon Product 223,Books|Fiction,"₹17,999","₹19,999",10%,3.5,"33,987",Sample product description.
B000000223,Amazon Product 224,Electronics|Laptops,"₹10,499","₹29,999",65%,4.3,"33,648",Sample product description.
B000000224,Amazon Product 225,Sports|Fitness,₹274,₹499,45%,3.5,"1,701",Sample product description.
B000000225,Amazon Product 226,Books|Academic,₹159,₹199,20%,4.8,"19,244",Sample product description.
B000000226,Amazon Product 227,Computers&Accessories|Keyboards,₹714,"₹1,299",45%,3.6,"25,101",Sample product description.
B000000227,Amazon Product 228,Sports|Fitness,"₹20,999","₹29,999",30%,4.1,"27,436",Sample product description.
B000000228,Amazon Product 229,Books|Academic,₹359,₹399,10%,4.5,"9,568",Sample product description.
B000000229,Amazon Product 230,Books|Fiction,"₹8,999","₹14,999",40%,3.9,"46,076",Sample product description.
B000000230,Amazon Product 231,Computers&Accessories|Mouse,"₹10,499","₹14,999",30%,4.2,"16,234",Sample product description.
B000000231,Amazon Product 232,Electronics|Mobiles,"₹6,499","₹9,999",35%,4.7,"33,837",Sample product description.
B000000232,Amazon Product 233,Electronics|Laptops,"₹6,499","₹9,999",35%,4.3,"21,671",Sample product description.
B000000233,Amazon Product 234,Electronics|Mobiles,₹164,₹299,45%,4.2,"10,078",Sample product description.
B000000234,Amazon Product 235,HomeKitchen|Cookware,"₹2,499","₹4,999",50%,3.2,"12,498",Sample product description.
B000000235,Amazon Product 236,HomeKitchen|Cookware,"₹8,499","₹9,999",15%,3.5,"45,303",Sample product description.
B000000236,Amazon Product 237,Sports|Fitness,₹499,₹999,50%,4.5,"34,101",Sample product description.
B000000237,Amazon Product 238,Books|Fiction,₹139,₹399,65%,4.3,"49,861",Sample product description.
B000000238,Amazon Product 239,Books|Fiction,"₹5,999","₹14,999",60%,4.4,"30,497",Sample product description.
B000000239,Amazon Product 240,Computers&Accessories|Keyboards,"₹4,499","₹9,999",55%,4.3,"18,444",Sample product description.
B000000240,Amazon Product 241,Computers&Accessories|Keyboards,"₹1,249","₹2,499",50%,4.6,"34,551",Sample product description.
B000000241,Amazon Product 242,Computers&Accessories|Keyboards,"₹4,499","₹14,999",70%,3.9,"30,304",Sample product description.
B000000242,Amazon Product 243,Computers&Accessories|Mouse,"₹2,249","₹4,999",55%,4.1,"18,559",Sample product description.
B000000243,Amazon Product 244,Sports|Outdoor,₹359,₹799,55%,3.5,"49,048",Sample product description.
B000000244,Amazon Product 245,HomeKitchen|Storage,₹239,₹399,40%,3.4,"14,522",Sample product description.
B000000245,Amazon Product 246,Sports|Outdoor,"₹13,499","₹14,999",10%,3.2,"45,707",Sample product description.
B000000246,Amazon Product 247,Electronics|Mobiles,₹359,₹599,40%,3.6,"3,521",Sample product description.
B000000247,Amazon Product 248,Sports|Outdoor,₹899,"₹1,999",55%,4.8,"41,846",Sample product description.
B000000248,Amazon Product 249,Computers&Accessories|Mouse,₹699,₹999,30%,3.2,"30,318",Sample product description.
B000000249,Amazon Product 250,Electronics|Mobiles,"₹19,499","₹29,999",35%,3.8,"8,379",Sample product description.
B000000250,Amazon Product 251,Sports|Outdoor,₹449,₹999,55%,3.4,"34,915",Sample product description.
B000000251,Amazon Product 252,Computers&Accessories|Mouse,"₹1,799","₹2,999",40%,3.7,"46,900",Sample product description.
B000000252,Amazon Product 253,HomeKitchen|Storage,"₹20,999","₹29,999",30%,4.1,"46,748",Sample product description.
B000000253,Amazon Product 254,Sports|Outdoor,"₹2,999","₹4,999",40%,3.6,"28,322",Sample product description.
B000000254,Amazon Product 255,Computers&Accessories|Mouse,₹249,₹499,50%,4.5,"42,895",Sample product description.
B000000255,Amazon Product 256,Computers&Accessories|Keyboards,"₹1,599","₹1,999",20%,4.8,"6,447",Sample product description.
B000000256,Amazon Product 257,Books|Fiction,₹219,₹399,45%,2.9,"32,423",Sample product description.
B000000257,Amazon Product 258,Computers&Accessories|Keyboards,"₹1,274","₹1,499",15%,3.7,"35,575",Sample product description.
B000000258,Amazon Product 259,Books|Fiction,"₹1,999","₹4,999",60%,4.0,"24,620",Sample product description.
B000000259,Amazon Product 260,Electronics|Laptops,"₹8,999","₹14,999",40%,4.6,"18,334",Sample product description.
B000000260,Amazon Product 261,Electronics|Laptops,₹149,₹499,70%,3.8,"19,044",Sample product description.
B000000261,Amazon Product 262,Electronics|Laptops,"₹12,749","₹14,999",15%,4.0,"23,334",Sample product description.
B000000262,Amazon Product 263,HomeKitchen|Storage,₹224,₹299,25%,3.4,"17,883",Sample product description.
B000000263,Amazon Product 264,Computers&Accessories|Keyboards,"₹8,999","₹14,999",40%,3.2,"25,172",Sample product description.
B000000264,Amazon Product 265,Books|Fiction,"₹1,039","₹1,299",20%,4.7,"5,067",Sample product description.
B000000265,Amazon Product 266,Computers&Accessories|Mouse,"₹1,104","₹1,299",15%,3.1,"16,420",Sample product description.
B000000266,Amazon Product 267,Electronics|Mobiles,"₹11,999","₹29,999",60%,5.0,"29,302",Sample product description.
B000000267,Amazon Product 268,Computers&Accessories|Mouse,"₹1,349","₹2,999",55%,4.4,"8,049",Sample product description.
B000000268,Amazon Product 269,Electronics|Mobiles,"₹1,199","₹1,999",40%,4.3,"22,486",Sample product description.
B000000269,Amazon Product 270,HomeKitchen|Cookware,"₹1,349","₹1,499",10%,4.3,"43,013",Sample product description.
B000000270,Amazon Product 271,Computers&Accessories|Mouse,₹329,₹599,45%,3.9,"2,146",Sample product description.
B000000271,Amazon Product 272,Sports|Outdoor,₹639,₹799,20%,4.2,"48,251",Sample product description.
B000000272,Amazon Product 273,Sports|Outdoor,₹104,₹299,65%,3.9,"25,329",Sample product description.
B000000273,Amazon Product 274,Sports|Fitness,"₹1,749","₹4,999",65%,4.3,"43,413",Sample product description.
B000000274,Amazon Product 275,Computers&Accessories|Keyboards,₹239,₹799,70%,4.0,"48,759",Sample product description.
B000000275,Amazon Product 276,Electronics|Mobiles,₹509,₹599,15%,3.5,"26,251",Sample product description.
B000000276,Amazon Product 277,Electronics|Mobiles,₹159,₹199,20%,3.6,"19,765",Sample product description.
B000000277,Amazon Product 278,Computers&Accessories|Keyboards,₹559,₹799,30%,3.5,"29,359",Sample product description.
B000000278,Amazon Product 279,HomeKitchen|Storage,₹319,₹799,60%,4.5,"15,128",Sample product description.
B000000279,Amazon Product 280,Sports|Fitness,"₹10,999","₹19,999",45%,3.7,"5,155",Sample product description.
B000000280,Amazon Product 281,HomeKitchen|Storage,₹224,₹499,55%,3.0,"29,362",Sample product description.
B000000281,Amazon Product 282,HomeKitchen|Storage,"₹1,499","₹2,499",40%,4.2,"2,889",Sample product description.
B000000282,Amazon Product 283,HomeKitchen|Storage,₹899,"₹1,499",40%,4.8,"3,434",Sample product description.
B000000283,Amazon Product 284,Computers&Accessories|Keyboards,₹139,₹399,65%,4.4,"43,669",Sample product description.
B000000284,Amazon Product 285,HomeKitchen|Storage,₹779,"₹1,299",40%,3.7,"42,871",Sample product description.
B000000285,Amazon Product 286,Sports|Outdoor,₹329,₹599,45%,3.2,"13,543",Sample product description.
B000000286,Amazon Product 287,Electronics|Laptops,₹449,₹499,10%,3.9,"17,119",Sample product description.
B000000287,Amazon Product 288,HomeKitchen|Cookware,₹599,₹799,25%,3.9,"46,957",Sample product description.
B000000288,Amazon Product 289,Electronics|Mobiles,₹89,₹299,70%,3.5,"7,581",Sample product description.
B000000289,Amazon Product 290,Electronics|Mobiles,"₹1,624","₹2,499",35%,4.3,"37,101",Sample product description.
B000000290,Amazon Product 291,HomeKitchen|Cookware,₹249,₹499,50%,4.9,"7,786",Sample product description.
B000000291,Amazon Product 292,Computers&Accessories|Keyboards,"₹4,499","₹14,999",70%,4.1,"7,760",Sample product description.
B000000292,Amazon Product 293,Computers&Accessories|Mouse,₹679,₹799,15%,4.1,"1,669",Sample product description.
B000000293,Amazon Product 294,Computers&Accessories|Keyboards,"₹26,999","₹29,999",10%,3.5,"14,025",Sample product description.
B000000294,Amazon Product 295,Electronics|Mobiles,₹239,₹799,70%,4.7,"45,653",Sample product description.
B000000295,Amazon Product 296,Electronics|Mobiles,₹134,₹299,55%,4.0,"23,302",Sample product description.
B000000296,Amazon Product 297,HomeKitchen|Cookware,"₹5,249","₹14,999",65%,3.7,"15,311",Sample product description.
B000000297,Amazon Product 298,HomeKitchen|Storage,"₹2,124","₹2,499",15%,4.0,"1,481",Sample product description.
B000000298,Amazon Product 299,Computers&Accessories|Keyboards,₹779,"₹1,299",40%,4.2,"9,117",Sample product description.
B000000299,Amazon Product 300,Books|Fiction,"₹3,999","₹4,999",20%,4.1,"37,531",Sample product description.
B000000300,Amazon Product 301,HomeKitchen|Cookware,"₹1,349","₹2,999",55%,4.6,"27,087",Sample product description.
B000000301,Amazon Product 302,Sports|Outdoor,₹509,₹599,15%,4.2,"9,607",Sample product description.
B000000302,Amazon Product 303,Electronics|Mobiles,₹319,₹799,60%,3.9,"9,485",Sample product description.
B000000303,Amazon Product 304,HomeKitchen|Cookware,₹299,₹499,40%,4.2,"37,816",Sample product description.
B000000304,Amazon Product 305,Computers&Accessories|Keyboards,₹59,₹199,70%,4.2,212,Sample product description.
B000000305,Amazon Product 306,Electronics|Mobiles,"₹8,999","₹29,999",70%,3.4,"34,792",Sample product description.
B000000306,Amazon Product 307,Computers&Accessories|Mouse,"₹2,549","₹2,999",15%,4.6,"19,725",Sample product description.
B000000307,Amazon Product 308,HomeKitchen|Cookware,"₹11,999","₹14,999",20%,3.8,"8,511",Sample product description.
B000000308,Amazon Product 309,Sports|Fitness,₹79,₹199,60%,3.9,"17,065",Sample product description.
B000000309,Amazon Product 310,Electronics|Mobiles,"₹5,999","₹9,999",40%,4.4,"32,641",Sample product description.
B000000310,Amazon Product 311,Computers&Accessories|Keyboards,₹599,₹799,25%,4.4,"28,097",Sample product description.
B000000311,Amazon Product 312,Electronics|Laptops,₹179,₹599,70%,3.6,"34,832",Sample product description.
B000000312,Amazon Product 313,Books|Fiction,"₹2,249","₹2,499",10%,4.4,"9,883",Sample product description.
B000000313,Amazon Product 314,Books|Academic,₹149,₹499,70%,3.7,"7,946",Sample product description.
B000000314,Amazon Product 315,HomeKitchen|Storage,"₹3,499","₹4,999",30%,4.9,"33,022",Sample product description.
B000000315,Amazon Product 316,Books|Academic,₹874,"₹2,499",65%,3.6,"49,783",Sample product description.
B000000316,Amazon Product 317,Computers&Accessories|Keyboards,₹199,₹399,50%,4.1,"41,850",Sample product description.
B000000317,Amazon Product 318,Sports|Outdoor,₹109,₹199,45%,3.6,"30,558",Sample product description.
B000000318,Amazon Product 319,Sports|Outdoor,₹279,₹799,65%,5.0,"5,397",Sample product description.
B000000319,Amazon Product 320,Electronics|Laptops,₹999,"₹1,999",50%,3.4,"30,364",Sample product description.
B000000320,Amazon Product 321,HomeKitchen|Storage,₹269,₹599,55%,4.3,"2,693",Sample product description.
B000000321,Amazon Product 322,Sports|Fitness,₹999,"₹1,999",50%,3.6,"40,835",Sample product description.
B000000322,Amazon Product 323,Electronics|Laptops,"₹1,799","₹2,999",40%,3.8,"18,731",Sample product description.
B000000323,Amazon Product 324,Books|Academic,₹224,₹299,25%,4.2,"38,378",Sample product description.
B000000324,Amazon Product 325,Electronics|Laptops,"₹3,499","₹4,999",30%,4.6,"15,942",Sample product description.
B000000325,Amazon Product 326,Books|Academic,"₹1,169","₹1,299",10%,4.8,"47,349",Sample product description.
B000000326,Amazon Product 327,Electronics|Mobiles,₹269,₹299,10%,3.2,"17,123",Sample product description.
B000000327,Amazon Product 328,Sports|Outdoor,₹159,₹199,20%,4.1,"36,818",Sample product description.
B000000328,Amazon Product 329,Electronics|Mobiles,₹179,₹599,70%,4.7,"30,732",Sample product description.
B000000329,Amazon Product 330,Books|Fiction,₹824,"₹1,499",45%,3.2,"32,312",Sample product description.
B000000330,Amazon Product 331,HomeKitchen|Storage,"₹25,499","₹29,999",15%,4.2,"31,408",Sample product description.
B000000331,Amazon Product 332,Sports|Fitness,"₹1,124","₹1,499",25%,4.0,"14,339",Sample product description.
B000000332,Amazon Product 333,Books|Academic,"₹2,124","₹2,499",15%,4.2,"49,873",Sample product description.
B000000333,Amazon Product 334,Sports|Fitness,"₹10,499","₹14,999",30%,3.6,"7,977",Sample product description.
B000000334,Amazon Product 335,Books|Academic,₹399,₹799,50%,3.3,"48,380",Sample product description.
B000000335,Amazon Product 336,Computers&Accessories|Keyboards,₹359,₹399,10%,3.0,"1,221",Sample product description.
B000000336,Amazon Product 337,Electronics|Laptops,"₹20,999","₹29,999",30%,4.5,"11,968",Sample product description.
B000000337,Amazon Product 338,Books|Fiction,₹299,₹599,50%,4.6,"41,953",Sample product description.
B000000338,Amazon Product 339,Sports|Outdoor,"₹2,699","₹2,999",10%,4.2,"39,160",Sample product description.
B000000339,Amazon Product 340,Books|Academic,"₹4,999","₹9,999",50%,3.7,"11,979",Sample product description.
B000000340,Amazon Product 341,Sports|Fitness,"₹1,374","₹2,499",45%,3.2,"2,589",Sample product description.
B000000341,Amazon Product 342,Books|Fiction,"₹1,124","₹1,499",25%,4.3,"36,777",Sample product description.
B000000342,Amazon Product 343,Computers&Accessories|Mouse,₹104,₹299,65%,3.4,"46,001",Sample product description.
B000000343,Amazon Product 344,Computers&Accessories|Mouse,"₹1,199","₹2,999",60%,3.6,"22,719",Sample product description.
B000000344,Amazon Product 345,Electronics|Mobiles,₹179,₹399,55%,3.7,"5,482",Sample product description.
B000000345,Amazon Product 346,Sports|Outdoor,₹279,₹399,30%,3.9,"20,694",Sample product description.
B000000346,Amazon Product 347,Computers&Accessories|Keyboards,₹59,₹199,70%,3.6,"18,795",Sample product description.
B000000347,Amazon Product 348,Sports|Fitness,₹909,"₹1,299",30%,4.0,"28,278",Sample product description.
B000000348,Amazon Product 349,Electronics|Laptops,₹519,"₹1,299",60%,3.7,"34,571",Sample product description.
B000000349,Amazon Product 350,Electronics|Laptops,₹874,"₹2,499",65%,4.4,"31,753",Sample product description.
B000000350,Amazon Product 351,Sports|Fitness,₹974,"₹1,499",35%,4.5,"26,978",Sample product description.
B000000351,Amazon Product 352,HomeKitchen|Storage,₹359,₹599,40%,4.1,"18,372",Sample product description.
B000000352,Amazon Product 353,Computers&Accessories|Keyboards,"₹5,499","₹9,999",45%,4.2,"22,410",Sample product description.
B000000353,Amazon Product 354,Books|Fiction,₹219,₹399,45%,5.0,"29,105",Sample product description.
B000000354,Amazon Product 355,Books|Academic,₹239,₹599,60%,3.4,"42,941",Sample product description.
B000000355,Amazon Product 356,HomeKitchen|Storage,₹179,₹599,70%,3.4,"16,426",Sample product description.
B000000356,Amazon Product 357,Books|Academic,"₹8,499","₹9,999",15%,4.3,"6,638",Sample product description.
B000000357,Amazon Product 358,Books|Academic,₹249,₹499,50%,5.0,"25,050",Sample product description.
B000000358,Amazon Product 359,HomeKitchen|Storage,"₹2,999","₹4,999",40%,3.9,"6,354",Sample product description.
B000000359,Amazon Product 360,Electronics|Mobiles,"₹1,499","₹1,999",25%,4.9,"7,395",Sample product description.
B000000360,Amazon Product 361,Computers&Accessories|Mouse,₹974,"₹1,299",25%,4.0,"29,350",Sample product description.
B000000361,Amazon Product 362,Books|Academic,₹519,"₹1,299",60%,3.7,"24,309",Sample product description.
B000000362,Amazon Product 363,HomeKitchen|Storage,₹549,₹999,45%,3.5,"25,520",Sample product description.
B000000363,Amazon Product 364,HomeKitchen|Storage,₹974,"₹1,299",25%,4.3,"23,067",Sample product description.
B000000364,Amazon Product 365,HomeKitchen|Cookware,"₹2,999","₹9,999",70%,3.5,"15,402",Sample product description.
B000000365,Amazon Product 366,Electronics|Mobiles,₹519,₹799,35%,4.0,"33,415",Sample product description.
B000000366,Amazon Product 367,Sports|Outdoor,₹139,₹199,30%,4.8,"19,496",Sample product description.
B000000367,Amazon Product 368,HomeKitchen|Cookware,"₹11,999","₹14,999",20%,3.8,"2,386",Sample product description.
B000000368,Amazon Product 369,HomeKitchen|Cookware,₹59,₹199,70%,4.7,"9,929",Sample product description.
B000000369,Amazon Product 370,Sports|Fitness,"₹13,499","₹29,999",55%,3.4,"32,366",Sample product description.
B000000370,Amazon Product 371,Computers&Accessories|Mouse,₹79,₹199,60%,3.7,"33,390",Sample product description.
B000000371,Amazon Product 372,HomeKitchen|Storage,"₹12,749","₹14,999",15%,3.3,"7,571",Sample product description.
B000000372,Amazon Product 373,Computers&Accessories|Mouse,₹149,₹299,50%,4.0,"6,221",Sample product description.
B000000373,Amazon Product 374,Computers&Accessories|Keyboards,"₹4,499","₹9,999",55%,4.4,"23,531",Sample product description.
B000000374,Amazon Product 375,Sports|Fitness,₹649,"₹1,299",50%,4.0,"18,524",Sample product description.
B000000375,Amazon Product 376,Sports|Outdoor,"₹1,169","₹1,299",10%,4.6,"46,810",Sample product description.
B000000376,Amazon Product 377,Computers&Accessories|Mouse,₹449,₹999,55%,3.6,"44,679",Sample product description.
B000000377,Amazon Product 378,Electronics|Laptops,₹639,₹799,20%,4.1,"45,282",Sample product description.
B000000378,Amazon Product 379,Books|Academic,₹439,₹799,45%,3.7,"21,058",Sample product description.
B000000379,Amazon Product 380,Computers&Accessories|Keyboards,₹259,₹399,35%,4.2,"1,683",Sample product description.
B000000380,Amazon Product 381,Electronics|Mobiles,₹699,₹999,30%,4.3,"12,535",Sample product description.
B000000381,Amazon Product 382,Sports|Outdoor,₹909,"₹1,299",30%,4.3,"43,667",Sample product description.
B000000382,Amazon Product 383,Computers&Accessories|Keyboards,"₹1,299","₹1,999",35%,3.5,"3,698",Sample product description.
B000000383,Amazon Product 384,Books|Academic,"₹8,999","₹14,999",40%,3.6,"47,995",Sample product description.
B000000384,Amazon Product 385,Sports|Fitness,"₹13,499","₹14,999",10%,3.6,"13,190",Sample product description.
B000000385,Amazon Product 386,Books|Academic,₹99,₹199,50%,3.9,"17,971",Sample product description.
B000000386,Amazon Product 387,HomeKitchen|Cookware,₹799,₹999,20%,4.0,"14,407",Sample product description.
B000000387,Amazon Product 388,Books|Academic,₹374,₹499,25%,4.4,"46,186",Sample product description.
B000000388,Amazon Product 389,HomeKitchen|Cookware,₹359,₹799,55%,3.6,"3,187",Sample product description.
B000000389,Amazon Product 390,Sports|Fitness,₹179,₹199,10%,3.2,147,Sample product description.
B000000390,Amazon Product 391,Books|Fiction,₹179,₹599,70%,5.0,"11,457",Sample product description.
B000000391,Amazon Product 392,HomeKitchen|Cookware,₹79,₹199,60%,3.4,"30,625",Sample product description.
B000000392,Amazon Product 393,Electronics|Mobiles,₹224,₹499,55%,4.4,"12,772",Sample product description.
B000000393,Amazon Product 394,Books|Academic,₹239,₹299,20%,4.0,"12,974",Sample product description.
B000000394,Amazon Product 395,Books|Academic,"₹1,699","₹1,999",15%,4.1,"3,800",Sample product description.
B000000395,Amazon Product 396,Electronics|Mobiles,₹509,₹599,15%,4.0,"27,783",Sample product description.
B000000396,Amazon Product 397,Electronics|Laptops,"₹1,799","₹1,999",10%,3.8,"8,585",Sample product description.
B000000397,Amazon Product 398,HomeKitchen|Storage,₹109,₹199,45%,4.2,"24,537",Sample product description.
B000000398,Amazon Product 399,Books|Fiction,₹639,₹799,20%,3.8,"30,701",Sample product description.
B000000399,Amazon Product 400,Sports|Outdoor,"₹3,999","₹4,999",20%,4.6,"4,716",Sample product description.
B000000400,Amazon Product 401,HomeKitchen|Cookware,"₹9,749","₹14,999",35%,4.3,"48,827",Sample product description.
B000000401,Amazon Product 402,Electronics|Mobiles,₹149,₹499,70%,4.3,"17,044",Sample product description.
B000000402,Amazon Product 403,Sports|Fitness,"₹2,749","₹4,999",45%,3.7,"1,777",Sample product description.
B000000403,Amazon Product 404,HomeKitchen|Cookware,"₹4,499","₹14,999",70%,3.9,"34,672",Sample product description.
B000000404,Amazon Product 405,HomeKitchen|Storage,₹649,"₹1,299",50%,3.4,"10,850",Sample product description.
B000000405,Amazon Product 406,Sports|Fitness,₹299,₹599,50%,3.8,"37,873",Sample product description.
B000000406,Amazon Product 407,Computers&Accessories|Keyboards,"₹11,249","₹14,999",25%,3.5,"43,089",Sample product description.
B000000407,Amazon Product 408,Books|Academic,₹349,₹499,30%,4.7,"18,758",Sample product description.
B000000408,Amazon Product 409,Computers&Accessories|Keyboards,"₹2,549","₹2,999",15%,4.0,"12,869",Sample product description.
B000000409,Amazon Product 410,HomeKitchen|Cookware,"₹1,999","₹4,999",60%,4.1,"9,419",Sample product description.
B000000410,Amazon Product 411,HomeKitchen|Storage,₹149,₹299,50%,3.9,"9,333",Sample product description.
B000000411,Amazon Product 412,Books|Fiction,₹274,₹499,45%,4.1,"30,623",Sample product description.
B000000412,Amazon Product 413,HomeKitchen|Cookware,₹399,₹499,20%,5.0,"13,221",Sample product description.
B000000413,Amazon Product 414,Electronics|Mobiles,₹999,"₹2,499",60%,3.8,"30,983",Sample product description.
B000000414,Amazon Product 415,Computers&Accessories|Mouse,₹209,₹599,65%,3.7,"5,824",Sample product description.
B000000415,Amazon Product 416,HomeKitchen|Cookware,₹749,"₹2,499",70%,4.3,"6,569",Sample product description.
B000000416,Amazon Product 417,Books|Academic,₹999,"₹1,999",50%,2.7,"11,033",Sample product description.
B000000417,Amazon Product 418,Books|Academic,"₹1,039","₹1,299",20%,4.0,"30,982",Sample product description.
B000000418,Amazon Product 419,HomeKitchen|Cookware,₹399,₹799,50%,3.8,"30,848",Sample product description.
B000000419,Amazon Product 420,Sports|Fitness,₹679,₹799,15%,3.5,"18,183",Sample product description.
B000000420,Amazon Product 421,Computers&Accessories|Mouse,₹454,"₹1,299",65%,4.3,"14,989",Sample product description.
B000000421,Amazon Product 422,Electronics|Mobiles,"₹6,749","₹14,999",55%,4.0,831,Sample product description.
B000000422,Amazon Product 423,HomeKitchen|Cookware,"₹4,999","₹9,999",50%,3.1,"49,100",Sample product description.
B000000423,Amazon Product 424,Sports|Fitness,"₹1,374","₹2,499",45%,3.7,"27,674",Sample product description.
B000000424,Amazon Product 425,Books|Academic,"₹1,499","₹2,999",50%,2.6,"6,873",Sample product description.
B000000425,Amazon Product 426,Books|Academic,"₹3,499","₹4,999",30%,4.1,"18,539",Sample product description.
B000000426,Amazon Product 427,HomeKitchen|Storage,₹519,"₹1,299",60%,4.1,"40,011",Sample product description.
B000000427,Amazon Product 428,HomeKitchen|Cookware,₹79,₹199,60%,3.6,"29,168",Sample product description.
B000000428,Amazon Product 429,Computers&Accessories|Mouse,"₹12,749","₹14,999",15%,4.3,"34,931",Sample product description.
B000000429,Amazon Product 430,Electronics|Laptops,₹714,"₹1,299",45%,3.4,"16,330",Sample product description.
B000000430,Amazon Product 431,Computers&Accessories|Mouse,₹874,"₹2,499",65%,3.5,"22,313",Sample product description.
B000000431,Amazon Product 432,Books|Academic,"₹1,949","₹2,999",35%,4.2,"13,615",Sample product description.
B000000432,Amazon Product 433,Books|Academic,"₹1,649","₹2,999",45%,3.7,"20,404",Sample product description.
B000000433,Amazon Product 434,Computers&Accessories|Keyboards,₹199,₹499,60%,4.0,"43,001",Sample product description.
B000000434,Amazon Product 435,Books|Academic,"₹13,999","₹19,999",30%,3.7,"25,693",Sample product description.
B000000435,Amazon Product 436,Electronics|Mobiles,₹224,₹499,55%,3.8,"23,698",Sample product description.
B000000436,Amazon Product 437,Sports|Outdoor,₹509,₹599,15%,3.8,"42,021",Sample product description.
B000000437,Amazon Product 438,HomeKitchen|Cookware,₹389,₹599,35%,3.6,"18,708",Sample product description.
B000000438,Amazon Product 439,Computers&Accessories|Mouse,₹909,"₹1,299",30%,4.2,"21,303",Sample product description.
B000000439,Amazon Product 440,Sports|Outdoor,₹699,"₹1,999",65%,3.7,"48,613",Sample product description.
B000000440,Amazon Product 441,Sports|Fitness,"₹8,999","₹29,999",70%,4.0,"26,440",Sample product description.
B000000441,Amazon Product 442,Electronics|Laptops,₹524,"₹1,499",65%,3.6,"23,178",Sample product description.
B000000442,Amazon Product 443,Electronics|Mobiles,"₹6,999","₹9,999",30%,3.2,"13,539",Sample product description.
B000000443,Amazon Product 444,Computers&Accessories|Mouse,₹389,"₹1,299",70%,4.5,"38,364",Sample product description.
B000000444,Amazon Product 445,Sports|Outdoor,"₹1,349","₹1,499",10%,4.2,"32,708",Sample product description.
B000000445,Amazon Product 446,Electronics|Laptops,"₹2,124","₹2,499",15%,5.0,"6,902",Sample product description.
B000000446,Amazon Product 447,Computers&Accessories|Keyboards,₹109,₹199,45%,3.5,"29,500",Sample product description.
B000000447,Amazon Product 448,Electronics|Mobiles,"₹2,999","₹9,999",70%,3.9,"2,601",Sample product description.
B000000448,Amazon Product 449,Electronics|Mobiles,₹179,₹599,70%,3.9,"6,461",Sample product description.
B000000449,Amazon Product 450,Computers&Accessories|Keyboards,"₹7,999","₹9,999",20%,4.5,"49,209",Sample product description.
B000000450,Amazon Product 451,HomeKitchen|Cookware,₹224,₹499,55%,3.7,"33,293",Sample product description.
B000000451,Amazon Product 452,Computers&Accessories|Keyboards,₹159,₹199,20%,3.4,"21,850",Sample product description.
B000000452,Amazon Product 453,Electronics|Mobiles,₹714,"₹1,299",45%,4.6,"10,453",Sample product description.
B000000453,Amazon Product 454,Electronics|Mobiles,"₹8,249","₹14,999",45%,3.8,"7,289",Sample product description.
B000000454,Amazon Product 455,Sports|Outdoor,"₹12,749","₹14,999",15%,4.4,"6,760",Sample product description.
B000000455,Amazon Product 456,Books|Academic,₹824,"₹1,499",45%,4.4,"21,434",Sample product description.
B000000456,Amazon Product 457,Electronics|Laptops,₹599,"₹1,499",60%,4.0,"21,088",Sample product description.
B000000457,Amazon Product 458,Computers&Accessories|Keyboards,₹599,"₹1,999",70%,3.9,"40,896",Sample product description.
B000000458,Amazon Product 459,Electronics|Laptops,₹449,"₹1,499",70%,3.8,"22,497",Sample product description.
B000000459,Amazon Product 460,Computers&Accessories|Keyboards,₹359,₹399,10%,4.0,"2,335",Sample product description.
B000000460,Amazon Product 461,Sports|Fitness,"₹1,624","₹2,499",35%,4.4,"38,041",Sample product description.
B000000461,Amazon Product 462,Electronics|Mobiles,₹439,₹799,45%,3.6,"13,571",Sample product description.
B000000462,Amazon Product 463,Books|Academic,₹239,₹299,20%,4.1,"47,707",Sample product description.
B000000463,Amazon Product 464,Sports|Outdoor,₹549,₹999,45%,3.4,"7,021",Sample product description.
B000000464,Amazon Product 465,Books|Academic,₹104,₹299,65%,3.5,"29,189",Sample product description.
B000000465,Amazon Product 466,Books|Academic,"₹26,999","₹29,999",10%,4.0,"19,959",Sample product description.
B000000466,Amazon Product 467,Books|Academic,₹999,"₹2,499",60%,3.0,"11,581",Sample product description.
B000000467,Amazon Product 468,Electronics|Laptops,"₹1,199","₹2,999",60%,5.0,"14,771",Sample product description.
B000000468,Amazon Product 469,Computers&Accessories|Keyboards,₹499,₹999,50%,3.4,"19,256",Sample product description.
B000000469,Amazon Product 470,Books|Fiction,₹239,₹799,70%,4.0,"37,761",Sample product description.
B000000470,Amazon Product 471,Sports|Fitness,₹79,₹199,60%,4.6,"6,580",Sample product description.
B000000471,Amazon Product 472,Computers&Accessories|Mouse,"₹8,999","₹29,999",70%,3.6,"11,166",Sample product description.
B000000472,Amazon Product 473,Books|Academic,"₹1,249","₹2,499",50%,2.8,308,Sample product description.
B000000473,Amazon Product 474,HomeKitchen|Cookware,"₹20,999","₹29,999",30%,3.8,332,Sample product description.
B000000474,Amazon Product 475,Electronics|Laptops,₹449,₹999,55%,3.6,"13,987",Sample product description.
B000000475,Amazon Product 476,Sports|Outdoor,"₹22,499","₹29,999",25%,2.9,"1,948",Sample product description.
B000000476,Amazon Product 477,Computers&Accessories|Mouse,₹599,"₹1,499",60%,4.1,"4,185",Sample product description.
B000000477,Amazon Product 478,Books|Fiction,"₹19,499","₹29,999",35%,4.1,"6,679",Sample product description.
B000000478,Amazon Product 479,HomeKitchen|Cookware,₹454,"₹1,299",65%,4.6,"43,986",Sample product description.
B000000479,Amazon Product 480,Books|Fiction,"₹17,999","₹29,999",40%,3.4,"19,634",Sample product description.
B000000480,Amazon Product 481,Computers&Accessories|Mouse,₹699,₹999,30%,3.2,"23,601",Sample product description.
B000000481,Amazon Product 482,Books|Academic,₹79,₹199,60%,3.8,"33,430",Sample product description.
B000000482,Amazon Product 483,HomeKitchen|Cookware,"₹1,499","₹4,999",70%,4.0,"47,021",Sample product description.
B000000483,Amazon Product 484,Books|Fiction,"₹13,499","₹29,999",55%,4.5,"17,121",Sample product description.
B000000484,Amazon Product 485,Sports|Outdoor,"₹2,499","₹4,999",50%,4.7,"20,124",Sample product description.
B000000485,Amazon Product 486,Computers&Accessories|Keyboards,"₹15,999","₹19,999",20%,4.6,"25,238",Sample product description.
B000000486,Amazon Product 487,Electronics|Mobiles,₹779,"₹1,299",40%,4.1,"2,357",Sample product description.
B000000487,Amazon Product 488,Computers&Accessories|Keyboards,₹89,₹199,55%,4.4,"39,951",Sample product description.
B000000488,Amazon Product 489,Computers&Accessories|Mouse,"₹4,499","₹9,999",55%,3.7,"11,255",Sample product description.
B000000489,Amazon Product 490,Electronics|Laptops,"₹5,999","₹14,999",60%,4.1,"5,956",Sample product description.
B000000490,Amazon Product 491,Electronics|Mobiles,₹209,₹299,30%,3.4,"2,641",Sample product description.
B000000491,Amazon Product 492,Sports|Fitness,"₹17,999","₹29,999",40%,4.0,"15,199",Sample product description.
B000000492,Amazon Product 493,Sports|Outdoor,₹679,₹799,15%,4.0,"44,968",Sample product description.
B000000493,Amazon Product 494,Sports|Fitness,₹374,₹499,25%,4.9,"40,001",Sample product description.
B000000494,Amazon Product 495,HomeKitchen|Cookware,₹169,₹199,15%,3.9,"25,200",Sample product description.
B000000495,Amazon Product 496,Electronics|Mobiles,₹389,"₹1,299",70%,4.0,"31,902",Sample product description.
B000000496,Amazon Product 497,Sports|Fitness,₹299,₹999,70%,4.1,"42,920",Sample product description.
B000000497,Amazon Product 498,Sports|Fitness,₹139,₹399,65%,3.8,"49,871",Sample product description.
B000000498,Amazon Product 499,Books|Fiction,"₹1,199","₹1,999",40%,3.6,"1,333",Sample product description.
B000000499,Amazon Product 500,Computers&Accessories|Keyboards,"₹1,699","₹1,999",15%,4.6,"33,741",Sample product description.
